-- MySQL dump 10.13  Distrib 5.6.17, for Win64 (x86_64)
--
-- Host: localhost    Database: ortomedic
-- ------------------------------------------------------
-- Server version	5.6.24

/*!40101 SET @OLD_CHARACTER_SET_CLIENT=@@CHARACTER_SET_CLIENT */;
/*!40101 SET @OLD_CHARACTER_SET_RESULTS=@@CHARACTER_SET_RESULTS */;
/*!40101 SET @OLD_COLLATION_CONNECTION=@@COLLATION_CONNECTION */;
/*!40101 SET NAMES utf8 */;
/*!40103 SET @OLD_TIME_ZONE=@@TIME_ZONE */;
/*!40103 SET TIME_ZONE='+00:00' */;
/*!40014 SET @OLD_UNIQUE_CHECKS=@@UNIQUE_CHECKS, UNIQUE_CHECKS=0 */;
/*!40014 SET @OLD_FOREIGN_KEY_CHECKS=@@FOREIGN_KEY_CHECKS, FOREIGN_KEY_CHECKS=0 */;
/*!40101 SET @OLD_SQL_MODE=@@SQL_MODE, SQL_MODE='NO_AUTO_VALUE_ON_ZERO' */;
/*!40111 SET @OLD_SQL_NOTES=@@SQL_NOTES, SQL_NOTES=0 */;

--
-- Table structure for table `consulta`
--

DROP TABLE IF EXISTS `consulta`;
/*!40101 SET @saved_cs_client     = @@character_set_client */;
/*!40101 SET character_set_client = utf8 */;
CREATE TABLE `consulta` (
  `idconsulta` int(11) NOT NULL AUTO_INCREMENT,
  `data_consulta` date DEFAULT NULL,
  `sintomas` text,
  `exames` text,
  `idtipo_consulta` int(11) NOT NULL,
  `idpaciente` int(11) NOT NULL,
  `hora_consulta` time DEFAULT NULL,
  `compareceu` tinyint(1) DEFAULT NULL,
  `receita` text,
  `medicacao` text,
  `atestado` text,
  `laudo` text,
  `medico` int(11) NOT NULL,
  PRIMARY KEY (`idconsulta`),
  KEY `fk_consulta_tipo_consulta1_idx` (`idtipo_consulta`),
  KEY `fk_consulta_paciente1_idx` (`idpaciente`),
  KEY `fk_consulta_usuario1_idx` (`medico`),
  CONSTRAINT `fk_consulta_paciente1` FOREIGN KEY (`idpaciente`) REFERENCES `paciente` (`idpaciente`) ON UPDATE NO ACTION,
  CONSTRAINT `fk_consulta_tipo_consulta1` FOREIGN KEY (`idtipo_consulta`) REFERENCES `tipo_consulta` (`idtipo_consulta`) ON UPDATE NO ACTION,
  CONSTRAINT `fk_consulta_usuario1` FOREIGN KEY (`medico`) REFERENCES `usuario` (`idusuario`) ON DELETE NO ACTION ON UPDATE NO ACTION
) ENGINE=InnoDB AUTO_INCREMENT=48 DEFAULT CHARSET=utf8;
/*!40101 SET character_set_client = @saved_cs_client */;

--
-- Dumping data for table `consulta`
--

LOCK TABLES `consulta` WRITE;
/*!40000 ALTER TABLE `consulta` DISABLE KEYS */;
/*!40000 ALTER TABLE `consulta` ENABLE KEYS */;
UNLOCK TABLES;

--
-- Table structure for table `convenio`
--

DROP TABLE IF EXISTS `convenio`;
/*!40101 SET @saved_cs_client     = @@character_set_client */;
/*!40101 SET character_set_client = utf8 */;
CREATE TABLE `convenio` (
  `idconvenio` int(11) NOT NULL AUTO_INCREMENT,
  `descricao` varchar(45) DEFAULT NULL,
  `observacoes` text,
  PRIMARY KEY (`idconvenio`)
) ENGINE=InnoDB AUTO_INCREMENT=6 DEFAULT CHARSET=utf8;
/*!40101 SET character_set_client = @saved_cs_client */;

--
-- Dumping data for table `convenio`
--

LOCK TABLES `convenio` WRITE;
/*!40000 ALTER TABLE `convenio` DISABLE KEYS */;
INSERT INTO `convenio` VALUES (1,'UNIMED',''),(2,'IPE','');
/*!40000 ALTER TABLE `convenio` ENABLE KEYS */;
UNLOCK TABLES;

--
-- Table structure for table `paciente`
--

DROP TABLE IF EXISTS `paciente`;
/*!40101 SET @saved_cs_client     = @@character_set_client */;
/*!40101 SET character_set_client = utf8 */;
CREATE TABLE `paciente` (
  `idpaciente` int(11) NOT NULL AUTO_INCREMENT,
  `nome` varchar(45) NOT NULL,
  `telefone1` varchar(10) DEFAULT NULL,
  `telefone2` varchar(10) DEFAULT NULL,
  `endereco` varchar(255) DEFAULT NULL,
  `email` varchar(255) DEFAULT NULL,
  `data_nasc` date DEFAULT NULL,
  `idconvenio` int(11) NOT NULL,
  `observacoes` text,
  `cpf` varchar(11) DEFAULT NULL,
  PRIMARY KEY (`idpaciente`),
  KEY `fk_paciente_convenio_idx` (`idconvenio`),
  CONSTRAINT `fk_paciente_convenio` FOREIGN KEY (`idconvenio`) REFERENCES `convenio` (`idconvenio`) ON UPDATE NO ACTION
) ENGINE=InnoDB AUTO_INCREMENT=22 DEFAULT CHARSET=utf8;
/*!40101 SET character_set_client = @saved_cs_client */;

--
-- Dumping data for table `paciente`
--

LOCK TABLES `paciente` WRITE;
/*!40000 ALTER TABLE `paciente` DISABLE KEYS */;
/*!40000 ALTER TABLE `paciente` ENABLE KEYS */;
UNLOCK TABLES;

--
-- Table structure for table `tipo_consulta`
--

DROP TABLE IF EXISTS `tipo_consulta`;
/*!40101 SET @saved_cs_client     = @@character_set_client */;
/*!40101 SET character_set_client = utf8 */;
CREATE TABLE `tipo_consulta` (
  `idtipo_consulta` int(11) NOT NULL AUTO_INCREMENT,
  `descricao` varchar(45) DEFAULT NULL,
  PRIMARY KEY (`idtipo_consulta`)
) ENGINE=InnoDB AUTO_INCREMENT=3 DEFAULT CHARSET=utf8;
/*!40101 SET character_set_client = @saved_cs_client */;

--
-- Dumping data for table `tipo_consulta`
--

LOCK TABLES `tipo_consulta` WRITE;
/*!40000 ALTER TABLE `tipo_consulta` DISABLE KEYS */;
INSERT INTO `tipo_consulta` VALUES (1,'consulta'),(2,'reconsulta');
/*!40000 ALTER TABLE `tipo_consulta` ENABLE KEYS */;
UNLOCK TABLES;

--
-- Table structure for table `tipo_usuario`
--

DROP TABLE IF EXISTS `tipo_usuario`;
/*!40101 SET @saved_cs_client     = @@character_set_client */;
/*!40101 SET character_set_client = utf8 */;
CREATE TABLE `tipo_usuario` (
  `idtipo_usuario` int(11) NOT NULL AUTO_INCREMENT,
  `descricao` varchar(45) DEFAULT NULL,
  PRIMARY KEY (`idtipo_usuario`)
) ENGINE=InnoDB AUTO_INCREMENT=4 DEFAULT CHARSET=utf8;
/*!40101 SET character_set_client = @saved_cs_client */;

--
-- Dumping data for table `tipo_usuario`
--

LOCK TABLES `tipo_usuario` WRITE;
/*!40000 ALTER TABLE `tipo_usuario` DISABLE KEYS */;
INSERT INTO `tipo_usuario` VALUES (1,'secretaria'),(2,'medico'),(3,'administrador');
/*!40000 ALTER TABLE `tipo_usuario` ENABLE KEYS */;
UNLOCK TABLES;

--
-- Table structure for table `usuario`
--

DROP TABLE IF EXISTS `usuario`;
/*!40101 SET @saved_cs_client     = @@character_set_client */;
/*!40101 SET character_set_client = utf8 */;
CREATE TABLE `usuario` (
  `idusuario` int(11) NOT NULL AUTO_INCREMENT,
  `nome` varchar(45) NOT NULL,
  `telefone` varchar(10) DEFAULT NULL,
  `celular` varchar(10) DEFAULT NULL,
  `senha` varchar(45) NOT NULL,
  `usuario` varchar(45) NOT NULL,
  `idtipousuario` int(11) NOT NULL,
  PRIMARY KEY (`idusuario`),
  KEY `fk_usuario_tipousuario1_idx` (`idtipousuario`),
  CONSTRAINT `fk_usuario_tipousuario1` FOREIGN KEY (`idtipousuario`) REFERENCES `tipo_usuario` (`idtipo_usuario`) ON UPDATE NO ACTION
) ENGINE=InnoDB AUTO_INCREMENT=690 DEFAULT CHARSET=utf8;
/*!40101 SET character_set_client = @saved_cs_client */;

--
-- Dumping data for table `usuario`
--

LOCK TABLES `usuario` WRITE;
/*!40000 ALTER TABLE `usuario` DISABLE KEYS */;
INSERT INTO `usuario` VALUES (1,'USUARIO','','','e10adc3949ba59abbe56e057f20f883e','usuario',1),(2,'MEDICO 01 DE TESTE','123456','12345','502c633827f8a7a5890e07d57ba4be02','medico01',2),(3,'MEDICO 02 TESTE','949491','303030','b68df3ab370ddb9da205464598027abe','medico02',2),(4,'usuario5','','','senha5','usuario5',1),(5,'usuario6','','','senha6','usuario6',1),(6,'usuario7','','','senha7','usuario7',1),(7,'usuario8','','','senha8','usuario8',1),(8,'usuario9','','','senha9','usuario9',1),(9,'usuario10','','','senha10','usuario10',1),(10,'usuario11','','','senha11','usuario11',1),(11,'usuario12','','','senha12','usuario12',1),(12,'usuario13','','','senha13','usuario13',1),(13,'usuario14','','','senha14','usuario14',1),(14,'usuario15','','','senha15','usuario15',1),(15,'usuario16','','','senha16','usuario16',1),(16,'usuario17','','','senha17','usuario17',1),(17,'usuario18','','','senha18','usuario18',1),(18,'usuario19','','','senha19','usuario19',1),(19,'usuario20','','','senha20','usuario20',1),(20,'usuario21','','','senha21','usuario21',1),(21,'usuario22','','','senha22','usuario22',1),(22,'usuario23','','','senha23','usuario23',1),(23,'usuario24','','','senha24','usuario24',1),(24,'usuario25','','','senha25','usuario25',1),(25,'usuario26','','','senha26','usuario26',1),(26,'usuario27','','','senha27','usuario27',1),(27,'usuario28','','','senha28','usuario28',1),(28,'usuario29','','','senha29','usuario29',1),(29,'usuario30','','','senha30','usuario30',1),(30,'usuario31','','','senha31','usuario31',1),(31,'usuario32','','','senha32','usuario32',1),(32,'usuario33','','','senha33','usuario33',1),(33,'usuario34','','','senha34','usuario34',1),(34,'usuario35','','','senha35','usuario35',1),(35,'usuario36','','','senha36','usuario36',1),(36,'usuario37','','','senha37','usuario37',1),(37,'usuario38','','','senha38','usuario38',1),(38,'usuario39','','','senha39','usuario39',1),(39,'usuario40','','','senha40','usuario40',1),(40,'usuario41','','','senha41','usuario41',1),(41,'usuario42','','','senha42','usuario42',1),(42,'usuario43','','','senha43','usuario43',1),(43,'usuario44','','','senha44','usuario44',1),(44,'usuario45','','','senha45','usuario45',1),(45,'usuario46','','','senha46','usuario46',1),(46,'usuario47','','','senha47','usuario47',1),(47,'usuario48','','','senha48','usuario48',1),(48,'usuario49','','','senha49','usuario49',1),(49,'usuario50','','','senha50','usuario50',1),(50,'usuario51','','','senha51','usuario51',1),(51,'usuario52','','','senha52','usuario52',1),(52,'usuario53','','','senha53','usuario53',1),(53,'usuario54','','','senha54','usuario54',1),(54,'usuario55','','','senha55','usuario55',1),(55,'usuario56','','','senha56','usuario56',1),(56,'usuario57','','','senha57','usuario57',1),(57,'usuario58','','','senha58','usuario58',1),(58,'usuario59','','','senha59','usuario59',1),(59,'usuario60','','','senha60','usuario60',1),(60,'usuario61','','','senha61','usuario61',1),(61,'usuario62','','','senha62','usuario62',1),(62,'usuario63','','','senha63','usuario63',1),(63,'usuario64','','','senha64','usuario64',1),(64,'usuario65','','','senha65','usuario65',1),(65,'usuario66','','','senha66','usuario66',1),(66,'usuario67','','','senha67','usuario67',1),(67,'usuario68','','','senha68','usuario68',1),(68,'usuario69','','','senha69','usuario69',1),(69,'usuario70','','','senha70','usuario70',1),(70,'usuario71','','','senha71','usuario71',1),(71,'usuario72','','','senha72','usuario72',1),(72,'usuario73','','','senha73','usuario73',1),(73,'usuario74','','','senha74','usuario74',1),(74,'usuario75','','','senha75','usuario75',1),(75,'usuario76','','','senha76','usuario76',1),(76,'usuario77','','','senha77','usuario77',1),(77,'usuario78','','','senha78','usuario78',1),(78,'usuario79','','','senha79','usuario79',1),(79,'usuario80','','','senha80','usuario80',1),(80,'usuario81','','','senha81','usuario81',1),(81,'usuario82','','','senha82','usuario82',1),(82,'usuario83','','','senha83','usuario83',1),(83,'usuario84','','','senha84','usuario84',1),(84,'usuario85','','','senha85','usuario85',1),(85,'usuario86','','','senha86','usuario86',1),(86,'usuario87','','','senha87','usuario87',1),(87,'usuario88','','','senha88','usuario88',1),(88,'usuario89','','','senha89','usuario89',1),(89,'usuario90','','','senha90','usuario90',1),(90,'usuario91','','','senha91','usuario91',1),(91,'usuario92','','','senha92','usuario92',1),(92,'usuario93','','','senha93','usuario93',1),(93,'usuario94','','','senha94','usuario94',1),(94,'usuario95','','','senha95','usuario95',1),(95,'usuario96','','','senha96','usuario96',1),(96,'usuario97','','','senha97','usuario97',1),(97,'usuario98','','','senha98','usuario98',1),(98,'usuario99','','','senha99','usuario99',1),(99,'usuario100','','','senha100','usuario100',1),(100,'usuario101','','','senha101','usuario101',1),(101,'usuario102','','','senha102','usuario102',1),(102,'usuario103','','','senha103','usuario103',1),(103,'usuario104','','','senha104','usuario104',1),(104,'usuario105','','','senha105','usuario105',1),(105,'usuario106','','','senha106','usuario106',1),(106,'usuario107','','','senha107','usuario107',1),(107,'usuario108','','','senha108','usuario108',1),(108,'usuario109','','','senha109','usuario109',1),(109,'usuario110','','','senha110','usuario110',1),(110,'usuario111','','','senha111','usuario111',1),(111,'usuario112','','','senha112','usuario112',1),(112,'usuario113','','','senha113','usuario113',1),(113,'usuario114','','','senha114','usuario114',1),(114,'usuario115','','','senha115','usuario115',1),(115,'usuario116','','','senha116','usuario116',1),(116,'usuario117','','','senha117','usuario117',1),(117,'usuario118','','','senha118','usuario118',1),(118,'usuario119','','','senha119','usuario119',1),(119,'usuario120','','','senha120','usuario120',1),(120,'usuario121','','','senha121','usuario121',1),(121,'usuario122','','','senha122','usuario122',1),(122,'usuario123','','','senha123','usuario123',1),(123,'usuario124','','','senha124','usuario124',1),(124,'usuario125','','','senha125','usuario125',1),(125,'usuario126','','','senha126','usuario126',1),(126,'usuario127','','','senha127','usuario127',1),(127,'usuario128','','','senha128','usuario128',1),(128,'usuario129','','','senha129','usuario129',1),(129,'usuario130','','','senha130','usuario130',1),(130,'usuario131','','','senha131','usuario131',1),(131,'usuario132','','','senha132','usuario132',1),(132,'usuario133','','','senha133','usuario133',1),(133,'usuario134','','','senha134','usuario134',1),(134,'usuario135','','','senha135','usuario135',1),(135,'usuario136','','','senha136','usuario136',1),(136,'usuario137','','','senha137','usuario137',1),(137,'usuario138','','','senha138','usuario138',1),(138,'usuario139','','','senha139','usuario139',1),(139,'usuario140','','','senha140','usuario140',1),(140,'usuario141','','','senha141','usuario141',1),(141,'usuario142','','','senha142','usuario142',1),(142,'usuario143','','','senha143','usuario143',1),(143,'usuario144','','','senha144','usuario144',1),(144,'usuario145','','','senha145','usuario145',1),(145,'usuario146','','','senha146','usuario146',1),(146,'usuario147','','','senha147','usuario147',1),(147,'usuario148','','','senha148','usuario148',1),(148,'usuario149','','','senha149','usuario149',1),(149,'usuario150','','','senha150','usuario150',1),(150,'usuario151','','','senha151','usuario151',1),(151,'usuario152','','','senha152','usuario152',1),(152,'usuario153','','','senha153','usuario153',1),(153,'usuario154','','','senha154','usuario154',1),(154,'usuario155','','','senha155','usuario155',1),(155,'usuario156','','','senha156','usuario156',1),(156,'usuario157','','','senha157','usuario157',1),(157,'usuario158','','','senha158','usuario158',1),(158,'usuario159','','','senha159','usuario159',1),(159,'usuario160','','','senha160','usuario160',1),(160,'usuario161','','','senha161','usuario161',1),(161,'usuario162','','','senha162','usuario162',1),(162,'usuario163','','','senha163','usuario163',1),(163,'usuario164','','','senha164','usuario164',1),(164,'usuario165','','','senha165','usuario165',1),(165,'usuario166','','','senha166','usuario166',1),(166,'usuario167','','','senha167','usuario167',1),(167,'usuario168','','','senha168','usuario168',1),(168,'usuario169','','','senha169','usuario169',1),(169,'usuario170','','','senha170','usuario170',1),(170,'usuario171','','','senha171','usuario171',1),(171,'usuario172','','','senha172','usuario172',1),(172,'usuario173','','','senha173','usuario173',1),(173,'usuario174','','','senha174','usuario174',1),(174,'usuario175','','','senha175','usuario175',1),(175,'usuario176','','','senha176','usuario176',1),(176,'usuario177','','','senha177','usuario177',1),(177,'usuario178','','','senha178','usuario178',1),(178,'usuario179','','','senha179','usuario179',1),(179,'usuario180','','','senha180','usuario180',1),(180,'usuario181','','','senha181','usuario181',1),(181,'usuario182','','','senha182','usuario182',1),(182,'usuario183','','','senha183','usuario183',1),(183,'usuario184','','','senha184','usuario184',1),(184,'usuario185','','','senha185','usuario185',1),(185,'usuario186','','','senha186','usuario186',1),(186,'usuario187','','','senha187','usuario187',1),(187,'usuario188','','','senha188','usuario188',1),(188,'usuario189','','','senha189','usuario189',1),(189,'usuario190','','','senha190','usuario190',1),(190,'usuario191','','','senha191','usuario191',1),(191,'usuario192','','','senha192','usuario192',1),(192,'usuario193','','','senha193','usuario193',1),(193,'usuario194','','','senha194','usuario194',1),(194,'usuario195','','','senha195','usuario195',1),(195,'usuario196','','','senha196','usuario196',1),(196,'usuario197','','','senha197','usuario197',1),(197,'usuario198','','','senha198','usuario198',1),(198,'usuario199','','','senha199','usuario199',1),(199,'usuario200','','','senha200','usuario200',1),(200,'usuario201','','','senha201','usuario201',1),(201,'usuario202','','','senha202','usuario202',1),(202,'usuario203','','','senha203','usuario203',1),(203,'usuario204','','','senha204','usuario204',1),(204,'usuario205','','','senha205','usuario205',1),(205,'usuario206','','','senha206','usuario206',1),(206,'usuario207','','','senha207','usuario207',1),(207,'usuario208','','','senha208','usuario208',1),(208,'usuario209','','','senha209','usuario209',1),(209,'usuario210','','','senha210','usuario210',1),(210,'usuario211','','','senha211','usuario211',1),(211,'usuario212','','','senha212','usuario212',1),(212,'usuario213','','','senha213','usuario213',1),(213,'usuario214','','','senha214','usuario214',1),(214,'usuario215','','','senha215','usuario215',1),(215,'usuario216','','','senha216','usuario216',1),(216,'usuario217','','','senha217','usuario217',1),(217,'usuario218','','','senha218','usuario218',1),(218,'usuario219','','','senha219','usuario219',1),(219,'usuario220','','','senha220','usuario220',1),(220,'usuario221','','','senha221','usuario221',1),(221,'usuario222','','','senha222','usuario222',1),(222,'usuario223','','','senha223','usuario223',1),(223,'usuario224','','','senha224','usuario224',1),(224,'usuario225','','','senha225','usuario225',1),(225,'usuario226','','','senha226','usuario226',1),(226,'usuario227','','','senha227','usuario227',1),(227,'usuario228','','','senha228','usuario228',1),(228,'usuario229','','','senha229','usuario229',1),(229,'usuario230','','','senha230','usuario230',1),(230,'usuario231','','','senha231','usuario231',1),(231,'usuario232','','','senha232','usuario232',1),(232,'usuario233','','','senha233','usuario233',1),(233,'usuario234','','','senha234','usuario234',1),(234,'usuario235','','','senha235','usuario235',1),(235,'usuario236','','','senha236','usuario236',1),(236,'usuario237','','','senha237','usuario237',1),(237,'usuario238','','','senha238','usuario238',1),(238,'usuario239','','','senha239','usuario239',1),(239,'usuario240','','','senha240','usuario240',1),(240,'usuario241','','','senha241','usuario241',1),(241,'usuario242','','','senha242','usuario242',1),(242,'usuario243','','','senha243','usuario243',1),(243,'usuario244','','','senha244','usuario244',1),(244,'usuario245','','','senha245','usuario245',1),(245,'usuario246','','','senha246','usuario246',1),(246,'usuario247','','','senha247','usuario247',1),(247,'usuario248','','','senha248','usuario248',1),(248,'usuario249','','','senha249','usuario249',1),(249,'usuario250','','','senha250','usuario250',1),(250,'usuario251','','','senha251','usuario251',1),(251,'usuario252','','','senha252','usuario252',1),(252,'usuario253','','','senha253','usuario253',1),(253,'usuario254','','','senha254','usuario254',1),(254,'usuario255','','','senha255','usuario255',1),(255,'usuario256','','','senha256','usuario256',1),(256,'usuario257','','','senha257','usuario257',1),(257,'usuario258','','','senha258','usuario258',1),(258,'usuario259','','','senha259','usuario259',1),(259,'usuario260','','','senha260','usuario260',1),(260,'usuario261','','','senha261','usuario261',1),(261,'usuario262','','','senha262','usuario262',1),(262,'usuario263','','','senha263','usuario263',1),(263,'usuario264','','','senha264','usuario264',1),(264,'usuario265','','','senha265','usuario265',1),(265,'usuario266','','','senha266','usuario266',1),(266,'usuario267','','','senha267','usuario267',1),(267,'usuario268','','','senha268','usuario268',1),(268,'usuario269','','','senha269','usuario269',1),(269,'usuario270','','','senha270','usuario270',1),(270,'usuario271','','','senha271','usuario271',1),(271,'usuario272','','','senha272','usuario272',1),(272,'usuario273','','','senha273','usuario273',1),(273,'usuario274','','','senha274','usuario274',1),(274,'usuario275','','','senha275','usuario275',1),(275,'usuario276','','','senha276','usuario276',1),(276,'usuario277','','','senha277','usuario277',1),(277,'usuario278','','','senha278','usuario278',1),(278,'usuario279','','','senha279','usuario279',1),(279,'usuario280','','','senha280','usuario280',1),(280,'usuario281','','','senha281','usuario281',1),(281,'usuario282','','','senha282','usuario282',1),(282,'usuario283','','','senha283','usuario283',1),(283,'usuario284','','','senha284','usuario284',1),(284,'usuario285','','','senha285','usuario285',1),(285,'usuario286','','','senha286','usuario286',1),(286,'usuario287','','','senha287','usuario287',1),(287,'usuario288','','','senha288','usuario288',1),(288,'usuario289','','','senha289','usuario289',1),(289,'usuario290','','','senha290','usuario290',1),(290,'usuario291','','','senha291','usuario291',1),(291,'usuario292','','','senha292','usuario292',1),(292,'usuario293','','','senha293','usuario293',1),(293,'usuario294','','','senha294','usuario294',1),(294,'usuario295','','','senha295','usuario295',1),(295,'usuario296','','','senha296','usuario296',1),(296,'usuario297','','','senha297','usuario297',1),(297,'usuario298','','','senha298','usuario298',1),(298,'usuario299','','','senha299','usuario299',1),(299,'usuario300','','','senha300','usuario300',1),(300,'usuario301','','','senha301','usuario301',1),(301,'usuario302','','','senha302','usuario302',1),(302,'usuario303','','','senha303','usuario303',1),(303,'usuario304','','','senha304','usuario304',1),(304,'usuario305','','','senha305','usuario305',1),(305,'usuario306','','','senha306','usuario306',1),(306,'usuario307','','','senha307','usuario307',1),(307,'usuario308','','','senha308','usuario308',1),(308,'usuario309','','','senha309','usuario309',1),(309,'usuario310','','','senha310','usuario310',1),(310,'usuario311','','','senha311','usuario311',1),(311,'usuario312','','','senha312','usuario312',1),(312,'usuario313','','','senha313','usuario313',1),(313,'usuario314','','','senha314','usuario314',1),(314,'usuario315','','','senha315','usuario315',1),(315,'usuario316','','','senha316','usuario316',1),(316,'usuario317','','','senha317','usuario317',1),(317,'usuario318','','','senha318','usuario318',1),(318,'usuario319','','','senha319','usuario319',1),(319,'usuario320','','','senha320','usuario320',1),(320,'usuario321','','','senha321','usuario321',1),(321,'usuario322','','','senha322','usuario322',1),(322,'usuario323','','','senha323','usuario323',1),(323,'usuario324','','','senha324','usuario324',1),(324,'usuario325','','','senha325','usuario325',1),(325,'usuario326','','','senha326','usuario326',1),(326,'usuario327','','','senha327','usuario327',1),(327,'usuario328','','','senha328','usuario328',1),(328,'usuario329','','','senha329','usuario329',1),(329,'usuario330','','','senha330','usuario330',1),(330,'usuario331','','','senha331','usuario331',1),(331,'usuario332','','','senha332','usuario332',1),(332,'usuario333','','','senha333','usuario333',1),(333,'usuario334','','','senha334','usuario334',1),(334,'usuario335','','','senha335','usuario335',1),(335,'usuario336','','','senha336','usuario336',1),(336,'usuario337','','','senha337','usuario337',1),(337,'usuario338','','','senha338','usuario338',1),(338,'usuario339','','','senha339','usuario339',1),(339,'usuario340','','','senha340','usuario340',1),(340,'usuario341','','','senha341','usuario341',1),(341,'usuario342','','','senha342','usuario342',1),(342,'usuario343','','','senha343','usuario343',1),(343,'usuario344','','','senha344','usuario344',1),(344,'usuario345','','','senha345','usuario345',1),(345,'usuario346','','','senha346','usuario346',1),(346,'usuario347','','','senha347','usuario347',1),(347,'usuario348','','','senha348','usuario348',1),(348,'usuario349','','','senha349','usuario349',1),(349,'usuario350','','','senha350','usuario350',1),(350,'usuario351','','','senha351','usuario351',1),(351,'usuario352','','','senha352','usuario352',1),(352,'usuario353','','','senha353','usuario353',1),(353,'usuario354','','','senha354','usuario354',1),(354,'usuario355','','','senha355','usuario355',1),(355,'usuario356','','','senha356','usuario356',1),(356,'usuario357','','','senha357','usuario357',1),(357,'usuario358','','','senha358','usuario358',1),(358,'usuario359','','','senha359','usuario359',1),(359,'usuario360','','','senha360','usuario360',1),(360,'usuario361','','','senha361','usuario361',1),(361,'usuario362','','','senha362','usuario362',1),(362,'usuario363','','','senha363','usuario363',1),(363,'usuario364','','','senha364','usuario364',1),(364,'usuario365','','','senha365','usuario365',1),(365,'usuario366','','','senha366','usuario366',1),(366,'usuario367','','','senha367','usuario367',1),(367,'usuario368','','','senha368','usuario368',1),(368,'usuario369','','','senha369','usuario369',1),(369,'usuario370','','','senha370','usuario370',1),(370,'usuario371','','','senha371','usuario371',1),(371,'usuario372','','','senha372','usuario372',1),(372,'usuario373','','','senha373','usuario373',1),(373,'usuario374','','','senha374','usuario374',1),(374,'usuario375','','','senha375','usuario375',1),(375,'usuario376','','','senha376','usuario376',1),(376,'usuario377','','','senha377','usuario377',1),(377,'usuario378','','','senha378','usuario378',1),(378,'usuario379','','','senha379','usuario379',1),(379,'usuario380','','','senha380','usuario380',1),(380,'usuario381','','','senha381','usuario381',1),(381,'usuario382','','','senha382','usuario382',1),(382,'usuario383','','','senha383','usuario383',1),(383,'usuario384','','','senha384','usuario384',1),(384,'usuario385','','','senha385','usuario385',1),(385,'usuario386','','','senha386','usuario386',1),(386,'usuario387','','','senha387','usuario387',1),(387,'usuario388','','','senha388','usuario388',1),(388,'usuario389','','','senha389','usuario389',1),(389,'usuario390','','','senha390','usuario390',1),(390,'usuario391','','','senha391','usuario391',1),(391,'usuario392','','','senha392','usuario392',1),(392,'usuario393','','','senha393','usuario393',1),(393,'usuario394','','','senha394','usuario394',1),(394,'usuario395','','','senha395','usuario395',1),(395,'usuario396','','','senha396','usuario396',1),(396,'usuario397','','','senha397','usuario397',1),(397,'usuario398','','','senha398','usuario398',1),(398,'usuario399','','','senha399','usuario399',1),(399,'usuario400','','','senha400','usuario400',1),(400,'usuario401','','','senha401','usuario401',1),(401,'usuario402','','','senha402','usuario402',1),(402,'usuario403','','','senha403','usuario403',1),(403,'usuario404','','','senha404','usuario404',1),(404,'usuario405','','','senha405','usuario405',1),(405,'usuario406','','','senha406','usuario406',1),(406,'usuario407','','','senha407','usuario407',1),(407,'usuario408','','','senha408','usuario408',1),(408,'usuario409','','','senha409','usuario409',1),(409,'usuario410','','','senha410','usuario410',1),(410,'usuario411','','','senha411','usuario411',1),(411,'usuario412','','','senha412','usuario412',1),(412,'usuario413','','','senha413','usuario413',1),(413,'usuario414','','','senha414','usuario414',1),(414,'usuario415','','','senha415','usuario415',1),(415,'usuario416','','','senha416','usuario416',1),(416,'usuario417','','','senha417','usuario417',1),(417,'usuario418','','','senha418','usuario418',1),(418,'usuario419','','','senha419','usuario419',1),(419,'usuario420','','','senha420','usuario420',1),(420,'usuario421','','','senha421','usuario421',1),(421,'usuario422','','','senha422','usuario422',1),(422,'usuario423','','','senha423','usuario423',1),(423,'usuario424','','','senha424','usuario424',1),(424,'usuario425','','','senha425','usuario425',1),(425,'usuario426','','','senha426','usuario426',1),(426,'usuario427','','','senha427','usuario427',1),(427,'usuario428','','','senha428','usuario428',1),(428,'usuario429','','','senha429','usuario429',1),(429,'usuario430','','','senha430','usuario430',1),(430,'usuario431','','','senha431','usuario431',1),(431,'usuario432','','','senha432','usuario432',1),(432,'usuario433','','','senha433','usuario433',1),(433,'usuario434','','','senha434','usuario434',1),(434,'usuario435','','','senha435','usuario435',1),(435,'usuario436','','','senha436','usuario436',1),(436,'usuario437','','','senha437','usuario437',1),(437,'usuario438','','','senha438','usuario438',1),(438,'usuario439','','','senha439','usuario439',1),(439,'usuario440','','','senha440','usuario440',1),(440,'usuario441','','','senha441','usuario441',1),(441,'usuario442','','','senha442','usuario442',1),(442,'usuario443','','','senha443','usuario443',1),(443,'usuario444','','','senha444','usuario444',1),(444,'usuario445','','','senha445','usuario445',1),(445,'usuario446','','','senha446','usuario446',1),(446,'usuario447','','','senha447','usuario447',1),(447,'usuario448','','','senha448','usuario448',1),(448,'usuario449','','','senha449','usuario449',1),(449,'usuario450','','','senha450','usuario450',1),(450,'usuario451','','','senha451','usuario451',1),(451,'usuario452','','','senha452','usuario452',1),(452,'usuario453','','','senha453','usuario453',1),(453,'usuario454','','','senha454','usuario454',1),(454,'usuario455','','','senha455','usuario455',1),(455,'usuario456','','','senha456','usuario456',1),(456,'usuario457','','','senha457','usuario457',1),(457,'usuario458','','','senha458','usuario458',1),(458,'usuario459','','','senha459','usuario459',1),(459,'usuario460','','','senha460','usuario460',1),(460,'usuario461','','','senha461','usuario461',1),(461,'usuario462','','','senha462','usuario462',1),(462,'usuario463','','','senha463','usuario463',1),(463,'usuario464','','','senha464','usuario464',1),(464,'usuario465','','','senha465','usuario465',1),(465,'usuario466','','','senha466','usuario466',1),(466,'usuario467','','','senha467','usuario467',1),(467,'usuario468','','','senha468','usuario468',1),(468,'usuario469','','','senha469','usuario469',1),(469,'usuario470','','','senha470','usuario470',1),(470,'usuario471','','','senha471','usuario471',1),(471,'usuario472','','','senha472','usuario472',1),(472,'usuario473','','','senha473','usuario473',1),(473,'usuario474','','','senha474','usuario474',1),(474,'usuario475','','','senha475','usuario475',1),(475,'usuario476','','','senha476','usuario476',1),(476,'usuario477','','','senha477','usuario477',1),(477,'usuario478','','','senha478','usuario478',1),(478,'usuario479','','','senha479','usuario479',1),(479,'usuario480','','','senha480','usuario480',1),(480,'usuario481','','','senha481','usuario481',1),(481,'usuario482','','','senha482','usuario482',1),(482,'usuario483','','','senha483','usuario483',1),(483,'usuario484','','','senha484','usuario484',1),(484,'usuario485','','','senha485','usuario485',1),(485,'usuario486','','','senha486','usuario486',1),(486,'usuario487','','','senha487','usuario487',1),(487,'usuario488','','','senha488','usuario488',1),(488,'usuario489','','','senha489','usuario489',1),(489,'usuario490','','','senha490','usuario490',1),(490,'usuario491','','','senha491','usuario491',1),(491,'usuario492','','','senha492','usuario492',1),(492,'usuario493','','','senha493','usuario493',1),(493,'usuario494','','','senha494','usuario494',1),(494,'usuario495','','','senha495','usuario495',1),(495,'usuario496','','','senha496','usuario496',1),(496,'usuario497','','','senha497','usuario497',1),(497,'usuario498','','','senha498','usuario498',1),(498,'usuario499','','','senha499','usuario499',1),(499,'usuario500','','','senha500','usuario500',1),(500,'usuario501','','','senha501','usuario501',1),(501,'usuario502','','','senha502','usuario502',1),(502,'usuario503','','','senha503','usuario503',1),(503,'usuario504','','','senha504','usuario504',1),(504,'usuario505','','','senha505','usuario505',1),(505,'usuario506','','','senha506','usuario506',1),(506,'usuario507','','','senha507','usuario507',1),(507,'usuario508','','','senha508','usuario508',1),(508,'usuario509','','','senha509','usuario509',1),(509,'usuario510','','','senha510','usuario510',1),(510,'usuario511','','','senha511','usuario511',1),(511,'usuario512','','','senha512','usuario512',1),(512,'usuario513','','','senha513','usuario513',1),(513,'usuario514','','','senha514','usuario514',1),(514,'usuario515','','','senha515','usuario515',1),(515,'usuario516','','','senha516','usuario516',1),(516,'usuario517','','','senha517','usuario517',1),(517,'usuario518','','','senha518','usuario518',1),(518,'usuario519','','','senha519','usuario519',1),(519,'usuario520','','','senha520','usuario520',1),(520,'usuario521','','','senha521','usuario521',1),(521,'usuario522','','','senha522','usuario522',1),(522,'usuario523','','','senha523','usuario523',1),(523,'usuario524','','','senha524','usuario524',1),(524,'usuario525','','','senha525','usuario525',1),(525,'usuario526','','','senha526','usuario526',1),(526,'usuario527','','','senha527','usuario527',1),(527,'usuario528','','','senha528','usuario528',1),(528,'usuario529','','','senha529','usuario529',1),(529,'usuario530','','','senha530','usuario530',1),(530,'usuario531','','','senha531','usuario531',1),(531,'usuario532','','','senha532','usuario532',1),(532,'usuario533','','','senha533','usuario533',1),(533,'usuario534','','','senha534','usuario534',1),(534,'usuario535','','','senha535','usuario535',1),(535,'usuario536','','','senha536','usuario536',1),(536,'usuario537','','','senha537','usuario537',1),(537,'usuario538','','','senha538','usuario538',1),(538,'usuario539','','','senha539','usuario539',1),(539,'usuario540','','','senha540','usuario540',1),(540,'usuario541','','','senha541','usuario541',1),(541,'usuario542','','','senha542','usuario542',1),(542,'usuario543','','','senha543','usuario543',1),(543,'usuario544','','','senha544','usuario544',1),(544,'usuario545','','','senha545','usuario545',1),(545,'usuario546','','','senha546','usuario546',1),(546,'usuario547','','','senha547','usuario547',1),(547,'usuario548','','','senha548','usuario548',1),(548,'usuario549','','','senha549','usuario549',1),(549,'usuario550','','','senha550','usuario550',1),(550,'usuario551','','','senha551','usuario551',1),(551,'usuario552','','','senha552','usuario552',1),(552,'usuario553','','','senha553','usuario553',1),(553,'usuario554','','','senha554','usuario554',1),(554,'usuario555','','','senha555','usuario555',1),(555,'usuario556','','','senha556','usuario556',1),(556,'usuario557','','','senha557','usuario557',1),(557,'usuario558','','','senha558','usuario558',1),(558,'usuario559','','','senha559','usuario559',1),(559,'usuario560','','','senha560','usuario560',1),(560,'usuario561','','','senha561','usuario561',1),(561,'usuario562','','','senha562','usuario562',1),(562,'usuario563','','','senha563','usuario563',1),(563,'usuario564','','','senha564','usuario564',1),(564,'usuario565','','','senha565','usuario565',1),(565,'usuario566','','','senha566','usuario566',1),(566,'usuario567','','','senha567','usuario567',1),(567,'usuario568','','','senha568','usuario568',1),(568,'usuario569','','','senha569','usuario569',1),(569,'usuario570','','','senha570','usuario570',1),(570,'usuario571','','','senha571','usuario571',1),(571,'usuario572','','','senha572','usuario572',1),(572,'usuario573','','','senha573','usuario573',1),(573,'usuario574','','','senha574','usuario574',1),(574,'usuario575','','','senha575','usuario575',1),(575,'usuario576','','','senha576','usuario576',1),(576,'usuario577','','','senha577','usuario577',1),(577,'usuario578','','','senha578','usuario578',1),(578,'usuario579','','','senha579','usuario579',1),(579,'usuario580','','','senha580','usuario580',1),(580,'usuario581','','','senha581','usuario581',1),(581,'usuario582','','','senha582','usuario582',1),(582,'usuario583','','','senha583','usuario583',1),(583,'usuario584','','','senha584','usuario584',1),(584,'usuario585','','','senha585','usuario585',1),(585,'usuario586','','','senha586','usuario586',1),(586,'usuario587','','','senha587','usuario587',1),(587,'usuario588','','','senha588','usuario588',1),(588,'usuario589','','','senha589','usuario589',1),(589,'usuario590','','','senha590','usuario590',1),(590,'usuario591','','','senha591','usuario591',1),(591,'usuario592','','','senha592','usuario592',1),(592,'usuario593','','','senha593','usuario593',1),(593,'usuario594','','','senha594','usuario594',1),(594,'usuario595','','','senha595','usuario595',1),(595,'usuario596','','','senha596','usuario596',1),(596,'usuario597','','','senha597','usuario597',1),(597,'usuario598','','','senha598','usuario598',1),(598,'usuario599','','','senha599','usuario599',1),(599,'usuario600','','','senha600','usuario600',1),(600,'usuario601','','','senha601','usuario601',1),(601,'usuario602','','','senha602','usuario602',1),(602,'usuario603','','','senha603','usuario603',1),(603,'usuario604','','','senha604','usuario604',1),(604,'usuario605','','','senha605','usuario605',1),(605,'usuario606','','','senha606','usuario606',1),(606,'usuario607','','','senha607','usuario607',1),(607,'usuario608','','','senha608','usuario608',1),(608,'usuario609','','','senha609','usuario609',1),(609,'usuario610','','','senha610','usuario610',1),(610,'usuario611','','','senha611','usuario611',1),(611,'usuario612','','','senha612','usuario612',1),(612,'usuario613','','','senha613','usuario613',1),(613,'usuario614','','','senha614','usuario614',1),(614,'usuario615','','','senha615','usuario615',1),(615,'usuario616','','','senha616','usuario616',1),(616,'usuario617','','','senha617','usuario617',1),(617,'usuario618','','','senha618','usuario618',1),(618,'usuario619','','','senha619','usuario619',1),(619,'usuario620','','','senha620','usuario620',1),(620,'usuario621','','','senha621','usuario621',1),(621,'usuario622','','','senha622','usuario622',1),(622,'usuario623','','','senha623','usuario623',1),(623,'usuario624','','','senha624','usuario624',1),(624,'usuario625','','','senha625','usuario625',1),(625,'usuario626','','','senha626','usuario626',1),(626,'usuario627','','','senha627','usuario627',1),(627,'usuario628','','','senha628','usuario628',1),(628,'usuario629','','','senha629','usuario629',1),(629,'usuario630','','','senha630','usuario630',1),(630,'usuario631','','','senha631','usuario631',1),(631,'usuario632','','','senha632','usuario632',1),(632,'usuario633','','','senha633','usuario633',1),(633,'usuario634','','','senha634','usuario634',1),(634,'usuario635','','','senha635','usuario635',1),(635,'usuario636','','','senha636','usuario636',1),(636,'usuario637','','','senha637','usuario637',1),(637,'usuario638','','','senha638','usuario638',1),(638,'usuario639','','','senha639','usuario639',1),(639,'usuario640','','','senha640','usuario640',1),(640,'usuario641','','','senha641','usuario641',1),(641,'usuario642','','','senha642','usuario642',1),(642,'usuario643','','','senha643','usuario643',1),(643,'usuario644','','','senha644','usuario644',1),(644,'usuario645','','','senha645','usuario645',1),(645,'usuario646','','','senha646','usuario646',1),(646,'usuario647','','','senha647','usuario647',1),(647,'usuario648','','','senha648','usuario648',1),(648,'usuario649','','','senha649','usuario649',1),(649,'usuario650','','','senha650','usuario650',1),(650,'usuario651','','','senha651','usuario651',1),(651,'usuario652','','','senha652','usuario652',1),(652,'usuario653','','','senha653','usuario653',1),(653,'usuario654','','','senha654','usuario654',1),(654,'usuario655','','','senha655','usuario655',1),(655,'usuario656','','','senha656','usuario656',1),(656,'usuario657','','','senha657','usuario657',1),(657,'usuario658','','','senha658','usuario658',1),(658,'usuario659','','','senha659','usuario659',1),(659,'usuario660','','','senha660','usuario660',1),(660,'usuario661','','','senha661','usuario661',1),(661,'usuario662','','','senha662','usuario662',1),(662,'usuario663','','','senha663','usuario663',1),(663,'usuario664','','','senha664','usuario664',1),(664,'usuario665','','','senha665','usuario665',1),(665,'usuario666','','','senha666','usuario666',1),(666,'usuario667','','','senha667','usuario667',1),(667,'usuario668','','','senha668','usuario668',1),(668,'usuario669','','','senha669','usuario669',1),(669,'usuario670','','','senha670','usuario670',1),(670,'usuario671','','','senha671','usuario671',1),(671,'usuario672','','','senha672','usuario672',1),(672,'usuario673','','','senha673','usuario673',1),(673,'usuario674','','','senha674','usuario674',1),(674,'usuario675','','','senha675','usuario675',1),(675,'usuario676','','','senha676','usuario676',1),(676,'usuario677','','','senha677','usuario677',1),(677,'usuario678','','','senha678','usuario678',1),(678,'usuario679','','','senha679','usuario679',1),(679,'usuario680','','','senha680','usuario680',1),(680,'usuario681','','','senha681','usuario681',1),(681,'usuario682','','','senha682','usuario682',1),(682,'usuario683','','','senha683','usuario683',1),(683,'usuario684','','','senha684','usuario684',1),(684,'usuario685','','','senha685','usuario685',1),(685,'usuario686','','','senha686','usuario686',1),(686,'usuario687','','','senha687','usuario687',1),(687,'usuario688','','','senha688','usuario688',1),(688,'usuario689','','','senha689','usuario689',1),(689,'usuario690','','','senha690','usuario690',1);
/*!40000 ALTER TABLE `usuario` ENABLE KEYS */;
UNLOCK TABLES;
/*!40103 SET TIME_ZONE=@OLD_TIME_ZONE */;

/*!40101 SET SQL_MODE=@OLD_SQL_MODE */;
/*!40014 SET FOREIGN_KEY_CHECKS=@OLD_FOREIGN_KEY_CHECKS */;
/*!40014 SET UNIQUE_CHECKS=@OLD_UNIQUE_CHECKS */;
/*!40101 SET CHARACTER_SET_CLIENT=@OLD_CHARACTER_SET_CLIENT */;
/*!40101 SET CHARACTER_SET_RESULTS=@OLD_CHARACTER_SET_RESULTS */;
/*!40101 SET COLLATION_CONNECTION=@OLD_COLLATION_CONNECTION */;
/*!40111 SET SQL_NOTES=@OLD_SQL_NOTES */;

-- Dump completed on 2015-08-11 23:58:23
